time_s,actual,target,error_counts,torque_raw,torque_percent,status_word,internal_limit_active
0.050154,8047438,8047440,-2,0,0.0,0x9637,0
0.100324,8047440,8047440,0,0,0.0,0x9637,0
0.150428,8047440,8047440,0,0,0.0,0x9637,0
0.200520,8047442,8047440,2,0,0.0,0x9637,0
0.250610,8047442,8047440,2,0,0.0,0x9637,0
0.300743,8047438,8047440,-2,0,0.0,0x9637,0
0.350843,8047442,8047440,2,0,0.0,0x9637,0
0.400939,8047440,8047440,0,0,0.0,0x9637,0
0.451046,8047440,8047440,0,0,0.0,0x9637,0
0.501188,8047438,8047440,-2,0,0.0,0x9637,0
0.551293,8047440,8047440,0,0,0.0,0x9637,0
0.601388,8047442,8047440,2,0,0.0,0x9637,0
0.651480,8047438,8047440,-2,0,0.0,0x9637,0
0.701616,8047442,8047440,2,0,0.0,0x9637,0
0.751733,8047442,8047440,2,-1,-0.1,0x9637,0
0.801830,8047442,8047440,2,0,0.0,0x9637,0
0.851920,8047442,8047440,2,0,0.0,0x9637,0
0.902053,8047442,8047440,2,0,0.0,0x9637,0
0.952158,8047440,8047440,0,0,0.0,0x9637,0
1.002252,8047438,8047440,-2,-1,-0.1,0x9637,0
1.052418,8047442,8047440,2,0,0.0,0x9637,0
1.102555,8047444,8047440,4,0,0.0,0x9637,0
1.152653,8047442,8047440,2,0,0.0,0x9637,0
1.202746,8047438,8047440,-2,-1,-0.1,0x9637,0
1.252837,8047440,8047440,0,0,0.0,0x9637,0
1.302960,8047440,8047440,0,0,0.0,0x9637,0
1.353058,8047442,8047440,2,0,0.0,0x9637,0
1.403156,8047438,8047440,-2,0,0.0,0x9637,0
1.453251,8047442,8047440,2,0,0.0,0x9637,0
1.503381,8047442,8047440,2,0,0.0,0x9637,0
1.553478,8047440,8047440,0,0,0.0,0x9637,0
1.603584,8047440,8047440,0,0,0.0,0x9637,0
1.653679,8047440,8047440,0,0,0.0,0x9637,0
1.703807,8047438,8047440,-2,0,0.0,0x9637,0
1.753911,8047440,8047440,0,0,0.0,0x9637,0
1.804006,8047442,8047440,2,0,0.0,0x9637,0
1.854101,8047438,8047440,-2,0,0.0,0x9637,0
1.904234,8047440,8047440,0,0,0.0,0x9637,0
1.954335,8047440,8047440,0,0,0.0,0x9637,0
2.004429,8047442,8047440,2,0,0.0,0x9637,0
2.054554,8047440,8047440,0,0,0.0,0x9637,0
2.104684,8047440,8047440,0,0,0.0,0x9637,0
2.154783,8047440,8047440,0,0,0.0,0x9637,0
2.204875,8047438,8047440,-2,0,0.0,0x9637,0
2.254974,8047442,8047440,2,0,0.0,0x9637,0
2.305111,8047440,8047440,0,0,0.0,0x9637,0
2.355212,8047438,8047440,-2,0,0.0,0x9637,0
2.405304,8047440,8047440,0,-1,-0.1,0x9637,0
2.455398,8047442,8047440,2,0,0.0,0x9637,0
2.505537,8047440,8047440,0,0,0.0,0x9637,0
2.555638,8047442,8047440,2,0,0.0,0x9637,0
2.605731,8047442,8047440,2,-1,-0.1,0x9637,0
2.655822,8047440,8047440,0,0,0.0,0x9637,0
2.705953,8047440,8047440,0,0,0.0,0x9637,0
2.756060,8047438,8047440,-2,0,0.0,0x9637,0
2.806154,8047438,8047440,-2,0,0.0,0x9637,0
2.856254,8047438,8047440,-2,0,0.0,0x9637,0
2.906390,8047438,8047440,-2,0,0.0,0x9637,0
2.956493,8047440,8047440,0,0,0.0,0x9637,0
3.006586,8047440,8047440,0,0,0.0,0x9637,0
3.056709,8047442,8047440,2,0,0.0,0x9637,0
3.106839,8047438,8047440,-2,0,0.0,0x9637,0
3.156941,8047442,8047440,2,0,0.0,0x9637,0
3.207034,8047440,8047440,0,-1,-0.1,0x9637,0
3.257125,8047442,8047440,2,0,0.0,0x9637,0
3.307252,8047440,8047440,0,0,0.0,0x9637,0
3.357348,8047438,8047440,-2,-1,-0.1,0x9637,0
3.407439,8047440,8047440,0,0,0.0,0x9637,0
3.457520,8047440,8047440,0,-1,-0.1,0x9637,0
3.507615,8047440,8047440,0,0,0.0,0x9637,0
3.557702,8047442,8047440,2,0,0.0,0x9637,0
3.607799,8047442,8047440,2,0,0.0,0x9637,0
3.657891,8047440,8047440,0,0,0.0,0x9637,0
3.707993,8047442,8047440,2,0,0.0,0x9637,0
3.758099,8047440,8047440,0,0,0.0,0x9637,0
3.808195,8047444,8047440,4,0,0.0,0x9637,0
3.858287,8047442,8047440,2,0,0.0,0x9637,0
3.908452,8047440,8047440,0,0,0.0,0x9637,0
3.958553,8047438,8047440,-2,0,0.0,0x9637,0
4.008646,8047440,8047440,0,0,0.0,0x9637,0
4.058790,8047440,8047440,0,0,0.0,0x9637,0
4.108924,8047442,8047440,2,0,0.0,0x9637,0
4.159025,8047438,8047440,-2,0,0.0,0x9637,0
4.209118,8047438,8047440,-2,-1,-0.1,0x9637,0
4.259211,8047442,8047440,2,0,0.0,0x9637,0
4.309337,8047440,8047440,0,0,0.0,0x9637,0
4.359439,8047442,8047440,2,0,0.0,0x9637,0
4.409549,8047440,8047440,0,0,0.0,0x9637,0
4.459640,8047442,8047440,2,0,0.0,0x9637,0
4.509771,8047440,8047440,0,0,0.0,0x9637,0
4.559874,8047442,8047440,2,0,0.0,0x9637,0
4.609970,8047440,8047440,0,0,0.0,0x9637,0
4.660074,8047442,8047440,2,0,0.0,0x9637,0
4.710213,8047444,8047440,4,0,0.0,0x9637,0
4.760317,8047440,8047440,0,0,0.0,0x9637,0
4.810412,8047440,8047440,0,0,0.0,0x9637,0
4.860510,8047440,8047440,0,0,0.0,0x9637,0
4.910648,8047442,8047440,2,0,0.0,0x9637,0
4.960750,8047438,8047440,-2,0,0.0,0x9637,0
5.010849,8047442,8047440,2,-1,-0.1,0x9637,0
5.061016,8047442,8047440,2,0,0.0,0x9637,0
5.111145,8047438,8047440,-2,0,0.0,0x9637,0
5.161244,8047442,8047440,2,0,0.0,0x9637,0
5.211336,8047436,8047440,-4,0,0.0,0x9637,0
5.261434,8047440,8047440,0,0,0.0,0x9637,0
5.311586,8047438,8047440,-2,-1,-0.1,0x9637,0
5.361685,8047440,8047440,0,0,0.0,0x9637,0
5.411782,8047442,8047440,2,0,0.0,0x9637,0
5.461872,8047440,8047440,0,-1,-0.1,0x9637,0
5.512001,8047440,8047440,0,0,0.0,0x9637,0
5.562095,8047438,8047440,-2,0,0.0,0x9637,0
5.612186,8047438,8047440,-2,0,0.0,0x9637,0
5.662274,8047440,8047440,0,0,0.0,0x9637,0
5.712391,8047440,8047440,0,0,0.0,0x9637,0
5.762482,8047438,8047440,-2,0,0.0,0x9637,0
5.812577,8047440,8047440,0,0,0.0,0x9637,0
5.862670,8047442,8047440,2,-1,-0.1,0x9637,0
5.912793,8047442,8047440,2,0,0.0,0x9637,0
5.962882,8047442,8047440,2,0,0.0,0x9637,0
6.012971,8047440,8047440,0,0,0.0,0x9637,0
6.063093,8047440,8047440,0,0,0.0,0x9637,0
6.113208,8047440,8047440,0,0,0.0,0x9637,0
6.163299,8047442,8047440,2,0,0.0,0x9637,0
6.213394,8047440,8047440,0,-1,-0.1,0x9637,0
6.263481,8047442,8047440,2,0,0.0,0x9637,0
6.313595,8047442,8047440,2,0,0.0,0x9637,0
6.363684,8047440,8047440,0,0,0.0,0x9637,0
6.413778,8047438,8047440,-2,0,0.0,0x9637,0
6.463869,8047438,8047440,-2,-1,-0.1,0x9637,0
6.513989,8047442,8047440,2,0,0.0,0x9637,0
6.564080,8047438,8047440,-2,0,0.0,0x9637,0
6.614174,8047440,8047440,0,-1,-0.1,0x9637,0
6.664263,8047440,8047440,0,-1,-0.1,0x9637,0
6.714379,8047440,8047440,0,0,0.0,0x9637,0
6.764472,8047442,8047440,2,0,0.0,0x9637,0
6.814563,8047442,8047440,2,0,0.0,0x9637,0
6.864650,8047440,8047440,0,0,0.0,0x9637,0
6.914763,8047438,8047440,-2,0,0.0,0x9637,0
6.964859,8047438,8047440,-2,0,0.0,0x9637,0
7.014953,8047438,8047440,-2,-1,-0.1,0x9637,0
7.065083,8047438,8047440,-2,-1,-0.1,0x9637,0
7.115212,8047440,8047440,0,0,0.0,0x9637,0
7.165309,8047440,8047440,0,0,0.0,0x9637,0
7.215399,8047440,8047440,0,0,0.0,0x9637,0
7.265488,8047440,8047440,0,-1,-0.1,0x9637,0
7.315613,8047440,8047440,0,0,0.0,0x9637,0
7.365708,8047442,8047440,2,0,0.0,0x9637,0
7.415805,8047442,8047440,2,0,0.0,0x9637,0
7.465895,8047394,8047440,-46,0,0.0,0x9637,0
7.516019,8047422,8047440,-18,0,0.0,0x9637,0
7.566116,8047444,8047440,4,0,0.0,0x9637,0
7.616208,8047438,8047440,-2,0,0.0,0x9637,0
7.666304,8047444,8047440,4,0,0.0,0x9637,0
7.716435,8047446,8047440,6,0,0.0,0x9637,0
7.766534,8047430,8047440,-10,0,0.0,0x9637,0
7.816631,8047538,8047440,98,-2,-0.2,0x9637,0
7.866727,8047482,8047440,42,-3,-0.3,0x9637,0
7.916857,8047396,8047440,-44,-1,-0.1,0x9637,0
7.966954,8047426,8047440,-14,-1,-0.1,0x9637,0
8.017075,8047538,8047440,98,-4,-0.4,0x9637,0
8.067214,8047704,8047440,264,-10,-1.0,0x9637,0
8.117350,8047760,8047440,320,-16,-1.6,0x9637,0
8.167449,8047912,8047440,472,-24,-2.4,0x9637,0
8.217551,8048086,8047440,646,-35,-3.5,0x9637,0
8.267648,8048466,8047440,1026,-54,-5.4,0x9637,0
8.317781,8049624,8047440,2184,-98,-9.8,0x9637,0
8.367877,8054158,8047440,6718,-223,-22.3,0x9637,0
8.417972,8052624,8047440,5184,-277,-27.7,0x9637,0
8.468061,8052008,8047440,4568,-349,-34.9,0x9637,0
8.518188,8052138,8047440,4698,-427,-42.7,0x9637,0
8.568285,8051282,8047440,3842,-481,-48.1,0x9637,0
8.618381,8050570,8047440,3130,-526,-52.6,0x9637,0
8.668471,8049382,8047440,1942,-548,-54.8,0x9637,0
8.718595,8048316,8047440,876,-552,-55.2,0x9637,0
8.768693,8047638,8047440,198,-550,-55.0,0x9637,0
8.818785,8047262,8047440,-178,-543,-54.3,0x9637,0
8.868880,8047082,8047440,-358,-535,-53.5,0x9637,0
8.919012,8047058,8047440,-382,-529,-52.9,0x9637,0
8.969108,8047006,8047440,-434,-522,-52.2,0x9637,0
9.019220,8046906,8047440,-534,-513,-51.3,0x9637,0
9.069342,8047018,8047440,-422,-506,-50.6,0x9637,0
9.119458,8046954,8047440,-486,-498,-49.8,0x9637,0
9.169550,8047086,8047440,-354,-493,-49.3,0x9637,0
9.219640,8047164,8047440,-276,-489,-48.9,0x9637,0
9.269726,8047076,8047440,-364,-483,-48.3,0x9637,0
9.319842,8047270,8047440,-170,-482,-48.2,0x9637,0
9.369931,8046900,8047440,-540,-470,-47.0,0x9637,0
9.420027,8046942,8047440,-498,-462,-46.2,0x9637,0
9.470119,8047132,8047440,-308,-459,-45.9,0x9637,0
9.520239,8047148,8047440,-292,-455,-45.5,0x9637,0
9.570330,8047102,8047440,-338,-449,-44.9,0x9637,0
9.620420,8047242,8047440,-198,-446,-44.6,0x9637,0
9.670510,8047486,8047440,46,-450,-45.0,0x9637,0
9.720634,8047680,8047440,240,-454,-45.4,0x9637,0
9.770729,8047934,8047440,494,-464,-46.4,0x9637,0
9.820823,8048024,8047440,584,-475,-47.5,0x9637,0
9.870912,8048008,8047440,568,-484,-48.4,0x9637,0
9.921071,8047924,8047440,484,-491,-49.1,0x9637,0
9.971165,8047750,8047440,310,-494,-49.4,0x9637,0
10.021256,8047656,8047440,216,-497,-49.7,0x9637,0
10.071432,8047800,8047440,360,-504,-50.4,0x9637,0
10.121565,8048148,8047440,708,-520,-52.0,0x9637,0
10.171660,8048036,8047440,596,-529,-52.9,0x9637,0
10.221754,8047314,8047440,-126,-523,-52.3,0x9637,0
10.271843,8041814,8047440,-5626,-395,-39.5,0x9637,0
10.321967,8033580,8047440,-13860,-90,-9.0,0x9637,0
10.372065,8039516,8047440,-7924,1,0.1,0x9637,0
10.422162,8044070,8047440,-3370,15,1.5,0x9637,0
10.472252,8046306,8047440,-1134,10,1.0,0x9637,0
10.522376,8046874,8047440,-566,14,1.4,0x9637,0
10.572470,8047156,8047440,-284,17,1.7,0x9637,0
10.622526,8047342,8047440,-98,16,1.6,0x9637,0
10.672623,8047416,8047440,-24,15,1.5,0x9637,0
10.722751,8047364,8047440,-76,17,1.7,0x9637,0
10.772873,8047460,8047440,20,16,1.6,0x9637,0
10.822969,8047492,8047440,52,15,1.5,0x9637,0
10.873060,8047488,8047440,48,14,1.4,0x9637,0
10.923186,8047372,8047440,-68,16,1.6,0x9637,0
10.973281,8047260,8047440,-180,21,2.1,0x9637,0
11.023368,8047386,8047440,-54,20,2.0,0x9637,0
11.073485,8047566,8047440,126,16,1.6,0x9637,0
11.123609,8047522,8047440,82,15,1.5,0x9637,0
11.173705,8047396,8047440,-44,17,1.7,0x9637,0
11.223793,8047372,8047440,-68,18,1.8,0x9637,0
11.273887,8047388,8047440,-52,19,1.9,0x9637,0
11.324019,8047392,8047440,-48,20,2.0,0x9637,0
11.374115,8047432,8047440,-8,21,2.1,0x9637,0
11.424211,8047422,8047440,-18,21,2.1,0x9637,0
11.474301,8047382,8047440,-58,21,2.1,0x9637,0
11.524427,8047398,8047440,-42,22,2.2,0x9637,0
11.574526,8047336,8047440,-104,25,2.5,0x9637,0
11.624619,8047254,8047440,-186,28,2.8,0x9637,0
11.674707,8047214,8047440,-226,31,3.1,0x9637,0
11.724809,8047252,8047440,-188,35,3.5,0x9637,0
11.774912,8047180,8047440,-260,39,3.9,0x9637,0
11.825017,8047142,8047440,-298,44,4.4,0x9637,0
11.875114,8047184,8047440,-256,48,4.8,0x9637,0
11.925242,8047216,8047440,-224,52,5.2,0x9637,0
11.975336,8047096,8047440,-344,58,5.8,0x9637,0
12.025434,8046700,8047440,-740,73,7.3,0x9637,0
12.075559,8040980,8047440,-6460,205,20.5,0x9637,0
12.125699,8041112,8047440,-6328,279,27.9,0x9637,0
12.175794,8039852,8047440,-7588,417,41.7,0x9637,0
12.225892,8041258,8047440,-6182,507,50.7,0x9637,0
12.275984,8043490,8047440,-3950,552,55.2,0x9637,0
12.326102,8044486,8047440,-2954,591,59.1,0x9637,0
12.376199,8045260,8047440,-2180,620,62.0,0x9637,0
12.426295,8045568,8047440,-1872,647,64.7,0x9637,0
12.476391,8046216,8047440,-1224,662,66.2,0x9637,0
12.526518,8046698,8047440,-742,670,67.0,0x9637,0
12.576615,8047202,8047440,-238,668,66.8,0x9637,0
12.626713,8047254,8047440,-186,671,67.1,0x9637,0
12.676806,8047500,8047440,60,667,66.7,0x9637,0
12.726925,8047624,8047440,184,664,66.4,0x9637,0
12.777021,8047752,8047440,312,657,65.7,0x9637,0
12.827115,8047962,8047440,522,645,64.5,0x9637,0
12.877206,8047768,8047440,328,644,64.4,0x9637,0
12.927326,8048010,8047440,570,630,63.0,0x9637,0
12.977424,8047868,8047440,428,625,62.5,0x9637,0
13.027522,8047706,8047440,266,623,62.3,0x9637,0
13.077677,8047920,8047440,480,612,61.2,0x9637,0
13.127805,8047762,8047440,322,609,60.9,0x9637,0
13.177910,8047590,8047440,150,608,60.8,0x9637,0
13.228008,8047674,8047440,234,603,60.3,0x9637,0
13.278099,8047302,8047440,-138,609,60.9,0x9637,0
13.328234,8047478,8047440,38,605,60.5,0x9637,0
13.378332,8047446,8047440,6,607,60.7,0x9637,0
13.428426,8047488,8047440,48,606,60.6,0x9637,0
13.478513,8047368,8047440,-72,608,60.8,0x9637,0
13.528642,8047348,8047440,-92,609,60.9,0x9637,0
13.578738,8047338,8047440,-102,612,61.2,0x9637,0
13.628826,8047136,8047440,-304,617,61.7,0x9637,0
13.678920,8047128,8047440,-312,623,62.3,0x9637,0
13.729052,8047676,8047440,236,614,61.4,0x9637,0
13.779157,8047440,8047440,0,617,61.7,0x9637,0
13.829249,8047652,8047440,212,611,61.1,0x9637,0
13.879343,8047574,8047440,134,609,60.9,0x9637,0
13.929463,8047378,8047440,-62,611,61.1,0x9637,0
13.979587,8047522,8047440,82,609,60.9,0x9637,0
14.029687,8047342,8047440,-98,612,61.2,0x9637,0
14.079851,8047318,8047440,-122,614,61.4,0x9637,0
14.129980,8047552,8047440,112,612,61.2,0x9637,0
14.180082,8047640,8047440,200,609,60.9,0x9637,0
14.230180,8049364,8047440,1924,563,56.3,0x9637,0
14.280283,8055806,8047440,8366,382,38.2,0x9637,0
14.330438,8062940,8047440,15500,56,5.6,0x9637,0
14.380548,8055080,8047440,7640,-8,-0.8,0x9637,0
14.430647,8050348,8047440,2908,-7,-0.7,0x9637,0
14.480742,8048532,8047440,1092,-7,-0.7,0x9637,0
14.530873,8047856,8047440,416,-7,-0.7,0x9637,0
14.580977,8047584,8047440,144,-7,-0.7,0x9637,0
14.631091,8047484,8047440,44,-7,-0.7,0x9637,0
14.681186,8047442,8047440,2,-7,-0.7,0x9637,0
14.731317,8047428,8047440,-12,-6,-0.6,0x9637,0
14.781445,8047418,8047440,-22,-6,-0.6,0x9637,0
14.831560,8047420,8047440,-20,-5,-0.5,0x9637,0
14.881680,8047424,8047440,-16,-5,-0.5,0x9637,0
14.931821,8047424,8047440,-16,-5,-0.5,0x9637,0
14.981932,8047428,8047440,-12,-4,-0.4,0x9637,0
15.032030,8047434,8047440,-6,-5,-0.5,0x9637,0
15.082161,8047440,8047440,0,-5,-0.5,0x9637,0
15.132293,8047440,8047440,0,-5,-0.5,0x9637,0
15.182395,8047438,8047440,-2,-5,-0.5,0x9637,0
15.232521,8047434,8047440,-6,-4,-0.4,0x9637,0
15.282616,8047490,8047440,50,-7,-0.7,0x9637,0
15.332744,8047516,8047440,76,-7,-0.7,0x9637,0
15.382847,8047440,8047440,0,-7,-0.7,0x9637,0
15.432947,8047396,8047440,-44,-6,-0.6,0x9637,0
15.483044,8047490,8047440,50,-8,-0.8,0x9637,0
15.533176,8047534,8047440,94,-9,-0.9,0x9637,0
15.583280,8047578,8047440,138,-12,-1.2,0x9637,0
15.633373,8047664,8047440,224,-17,-1.7,0x9637,0
15.683461,8047704,8047440,264,-21,-2.1,0x9637,0
15.733588,8047758,8047440,318,-26,-2.6,0x9637,0
15.783690,8047700,8047440,260,-30,-3.0,0x9637,0
15.833784,8047562,8047440,122,-31,-3.1,0x9637,0
15.883871,8047516,8047440,76,-32,-3.2,0x9637,0
15.933996,8047698,8047440,258,-37,-3.7,0x9637,0
15.984099,8048198,8047440,758,-53,-5.3,0x9637,0
16.034197,8048176,8047440,736,-66,-6.6,0x9637,0
16.084324,8048654,8047440,1214,-88,-8.8,0x9637,0
16.134448,8052610,8047440,5170,-216,-21.6,0x9637,0
16.184549,8053564,8047440,6124,-325,-32.5,0x9637,0
16.234641,8053484,8047440,6044,-425,-42.5,0x9637,0
16.284727,8052472,8047440,5032,-499,-49.9,0x9637,0
16.334850,8051026,8047440,3586,-544,-54.4,0x9637,0
16.384953,8047686,8047440,246,-521,-52.1,0x9637,0
16.435048,8047708,8047440,268,-525,-52.5,0x9637,0
16.485138,8047048,8047440,-392,-514,-51.4,0x9637,0
16.535263,8047856,8047440,416,-528,-52.8,0x9637,0
16.585363,8047838,8047440,398,-535,-53.5,0x9637,0
16.635461,8047600,8047440,160,-535,-53.5,0x9637,0
16.685560,8047590,8047440,150,-538,-53.8,0x9637,0
16.735697,8047706,8047440,266,-543,-54.3,0x9637,0
16.785803,8047560,8047440,120,-544,-54.4,0x9637,0
16.835897,8047714,8047440,274,-549,-54.9,0x9637,0
16.885985,8047504,8047440,64,-549,-54.9,0x9637,0
16.936113,8047302,8047440,-138,-544,-54.4,0x9637,0
16.986217,8047314,8047440,-126,-542,-54.2,0x9637,0
17.036310,8047016,8047440,-424,-532,-53.2,0x9637,0
17.086433,8046792,8047440,-648,-519,-51.9,0x9637,0
17.136560,8046874,8047440,-566,-510,-51.0,0x9637,0
17.186665,8047172,8047440,-268,-509,-50.9,0x9637,0
17.236769,8047274,8047440,-166,-507,-50.7,0x9637,0
17.286868,8047274,8047440,-166,-504,-50.4,0x9637,0
17.337000,8047386,8047440,-54,-505,-50.5,0x9637,0
17.387106,8047566,8047440,126,-507,-50.7,0x9637,0
17.437204,8047562,8047440,122,-509,-50.9,0x9637,0
17.487293,8047398,8047440,-42,-508,-50.8,0x9637,0
17.537421,8047500,8047440,60,-509,-50.9,0x9637,0
17.587524,8047772,8047440,332,-517,-51.7,0x9637,0
17.637617,8047958,8047440,518,-527,-52.7,0x9637,0
17.687705,8048098,8047440,658,-539,-53.9,0x9637,0
17.737829,8047600,8047440,160,-536,-53.6,0x9637,0
17.787931,8046126,8047440,-1314,-503,-50.3,0x9637,0
17.838033,8041706,8047440,-5734,-376,-37.6,0x9637,0
17.888128,8035872,8047440,-11568,-135,-13.5,0x9637,0
17.938249,8038174,8047440,-9266,9,0.9,0x9637,0
17.988349,8043862,8047440,-3578,13,1.3,0x9637,0
18.038441,8046050,8047440,-1390,16,1.6,0x9637,0
18.088591,8046882,8047440,-558,17,1.7,0x9637,0
18.138713,8047250,8047440,-190,16,1.6,0x9637,0
18.188812,8047352,8047440,-88,17,1.7,0x9637,0
18.238902,8047424,8047440,-16,16,1.6,0x9637,0
18.288994,8047422,8047440,-18,16,1.6,0x9637,0
18.339116,8047416,8047440,-24,16,1.6,0x9637,0
18.389216,8047442,8047440,2,16,1.6,0x9637,0
18.439314,8047376,8047440,-64,18,1.8,0x9637,0
18.489412,8047438,8047440,-2,18,1.8,0x9637,0
18.539539,8047530,8047440,90,15,1.5,0x9637,0
18.589635,8047380,8047440,-60,17,1.7,0x9637,0
18.639723,8047168,8047440,-272,25,2.5,0x9637,0
18.689817,8047282,8047440,-158,26,2.6,0x9637,0
18.739944,8047400,8047440,-40,25,2.5,0x9637,0
18.790041,8047352,8047440,-88,26,2.6,0x9637,0
18.840129,8047264,8047440,-176,30,3.0,0x9637,0
18.890220,8047100,8047440,-340,37,3.7,0x9637,0
18.940383,8047140,8047440,-300,42,4.2,0x9637,0
18.990478,8047164,8047440,-276,46,4.6,0x9637,0
19.040571,8047194,8047440,-246,50,5.0,0x9637,0
19.090703,8047182,8047440,-258,53,5.3,0x9637,0
19.140832,8047212,8047440,-228,57,5.7,0x9637,0
19.190930,8047320,8047440,-120,58,5.8,0x9637,0
19.241027,8047246,8047440,-194,62,6.2,0x9637,0
19.291122,8047278,8047440,-162,64,6.4,0x9637,0
19.341258,8047154,8047440,-286,70,7.0,0x9637,0
19.391356,8046500,8047440,-940,90,9.0,0x9637,0
19.441452,8044332,8047440,-3108,180,18.0,0x9637,0
19.491547,8039910,8047440,-7530,356,35.6,0x9637,0
19.541694,8040816,8047440,-6624,454,45.4,0x9637,0
19.591791,8042512,8047440,-4928,520,52.0,0x9637,0
19.641887,8043948,8047440,-3492,564,56.4,0x9637,0
19.691984,8045748,8047440,-1692,573,57.3,0x9637,0
19.742141,8046572,8047440,-868,581,58.1,0x9637,0
19.792249,8047024,8047440,-416,581,58.1,0x9637,0
19.842378,8047260,8047440,-180,582,58.2,0x9637,0
19.892493,8047836,8047440,396,571,57.1,0x9637,0
19.942635,8047634,8047440,194,569,56.9,0x9637,0
19.992741,8047478,8047440,38,569,56.9,0x9637,0
20.042836,8047852,8047440,412,562,56.2,0x9637,0
20.092960,8047654,8047440,214,560,56.0,0x9637,0
20.143086,8048014,8047440,574,550,55.0,0x9637,0
20.193189,8047778,8047440,338,546,54.6,0x9637,0
20.243290,8047970,8047440,530,534,53.4,0x9637,0
20.293385,8047898,8047440,458,528,52.8,0x9637,0
20.343522,8048144,8047440,704,513,51.3,0x9637,0
20.393629,8048036,8047440,596,508,50.8,0x9637,0
20.443726,8047824,8047440,384,502,50.2,0x9637,0
20.493822,8047760,8047440,320,496,49.6,0x9637,0
20.543952,8047674,8047440,234,495,49.5,0x9637,0
20.594050,8047654,8047440,214,492,49.2,0x9637,0
20.644140,8047694,8047440,254,485,48.5,0x9637,0
20.694232,8047762,8047440,322,480,48.0,0x9637,0
20.744363,8047582,8047440,142,480,48.0,0x9637,0
20.794462,8047632,8047440,192,476,47.6,0x9637,0
20.844561,8047380,8047440,-60,480,48.0,0x9637,0
20.894659,8047586,8047440,146,475,47.5,0x9637,0
20.944787,8047332,8047440,-108,480,48.0,0x9637,0
20.994885,8047384,8047440,-56,479,47.9,0x9637,0
21.044976,8047246,8047440,-194,484,48.4,0x9637,0
21.095102,8047268,8047440,-172,488,48.8,0x9637,0
21.145232,8047126,8047440,-314,494,49.4,0x9637,0
21.195332,8047268,8047440,-172,497,49.7,0x9637,0
21.245421,8047730,8047440,290,487,48.7,0x9637,0
21.295513,8048440,8047440,1000,464,46.4,0x9637,0
21.345639,8052876,8047440,5436,344,34.4,0x9637,0
21.395738,8059260,8047440,11820,86,8.6,0x9637,0
21.445842,8054862,8047440,7422,-7,-0.7,0x9637,0
21.495940,8050118,8047440,2678,-3,-0.3,0x9637,0
21.546067,8048578,8047440,1138,-8,-0.8,0x9637,0
21.596167,8047860,8047440,420,-8,-0.8,0x9637,0
21.646259,8047596,8047440,156,-7,-0.7,0x9637,0
21.696353,8047486,8047440,46,-7,-0.7,0x9637,0
21.746490,8047446,8047440,6,-7,-0.7,0x9637,0
21.796591,8047426,8047440,-14,-6,-0.6,0x9637,0
21.846687,8047418,8047440,-22,-6,-0.6,0x9637,0
21.896783,8047422,8047440,-18,-6,-0.6,0x9637,0
21.946911,8047426,8047440,-14,-6,-0.6,0x9637,0
21.997007,8047432,8047440,-8,-5,-0.5,0x9637,0
22.047106,8047436,8047440,-4,-5,-0.5,0x9637,0
22.097712,8047436,8047440,-4,-5,-0.5,0x9637,0
22.147841,8047436,8047440,-4,-6,-0.6,0x9637,0
22.197941,8047436,8047440,-4,-5,-0.5,0x9637,0
22.248032,8047430,8047440,-10,-5,-0.5,0x9637,0
22.298123,8047434,8047440,-6,-5,-0.5,0x9637,0
22.348248,8047436,8047440,-4,-6,-0.6,0x9637,0
22.398347,8047442,8047440,2,-5,-0.5,0x9637,0
22.448442,8047440,8047440,0,-5,-0.5,0x9637,0
22.498536,8047440,8047440,0,-5,-0.5,0x9637,0
22.548662,8047438,8047440,-2,-5,-0.5,0x9637,0
22.598761,8047434,8047440,-6,-5,-0.5,0x9637,0
22.648859,8047436,8047440,-4,-5,-0.5,0x9637,0
22.698958,8047438,8047440,-2,-5,-0.5,0x9637,0
22.749086,8047440,8047440,0,-5,-0.5,0x9637,0
22.799188,8047436,8047440,-4,-4,-0.4,0x9637,0
22.849278,8047436,8047440,-4,-5,-0.5,0x9637,0
22.899369,8047440,8047440,0,-5,-0.5,0x9637,0
22.949453,8047440,8047440,0,-5,-0.5,0x9637,0
22.999555,8047440,8047440,0,-5,-0.5,0x9637,0
23.049663,8047442,8047440,2,-5,-0.5,0x9637,0
23.099789,8047438,8047440,-2,-5,-0.5,0x9637,0
23.149925,8047436,8047440,-4,-5,-0.5,0x9637,0
23.200032,8047440,8047440,0,-5,-0.5,0x9637,0
23.250133,8047442,8047440,2,-4,-0.4,0x9637,0
23.300231,8047436,8047440,-4,-5,-0.5,0x9637,0
23.350362,8047438,8047440,-2,-4,-0.4,0x9637,0
23.400467,8047442,8047440,2,-5,-0.5,0x9637,0
23.450567,8047438,8047440,-2,-4,-0.4,0x9637,0
23.500663,8047438,8047440,-2,-5,-0.5,0x9637,0
23.550790,8047438,8047440,-2,-5,-0.5,0x9637,0
23.600888,8047442,8047440,2,-5,-0.5,0x9637,0
23.650977,8047438,8047440,-2,-4,-0.4,0x9637,0
23.701068,8047438,8047440,-2,-5,-0.5,0x9637,0
23.751196,8047438,8047440,-2,-4,-0.4,0x9637,0
23.801293,8047438,8047440,-2,-4,-0.4,0x9637,0
23.851389,8047436,8047440,-4,-5,-0.5,0x9637,0
23.901487,8047442,8047440,2,-5,-0.5,0x9637,0
23.951616,8047444,8047440,4,-5,-0.5,0x9637,0
24.001716,8047444,8047440,4,-4,-0.4,0x9637,0
24.051806,8047442,8047440,2,-4,-0.4,0x9637,0
24.101930,8047440,8047440,0,-4,-0.4,0x9637,0
24.152056,8047438,8047440,-2,-4,-0.4,0x9637,0
24.202154,8047438,8047440,-2,-4,-0.4,0x9637,0
24.252243,8047440,8047440,0,-5,-0.5,0x9637,0
24.302336,8047440,8047440,0,-5,-0.5,0x9637,0
24.352460,8047438,8047440,-2,-5,-0.5,0x9637,0
24.402568,8047438,8047440,-2,-4,-0.4,0x9637,0
24.452700,8047436,8047440,-4,-4,-0.4,0x9637,0
24.502798,8047438,8047440,-2,-4,-0.4,0x9637,0
24.552927,8047438,8047440,-2,-4,-0.4,0x9637,0
24.603025,8047440,8047440,0,-5,-0.5,0x9637,0
24.653113,8047440,8047440,0,-5,-0.5,0x9637,0
24.703206,8047444,8047440,4,-5,-0.5,0x9637,0
24.753337,8047438,8047440,-2,-5,-0.5,0x9637,0
24.803435,8047438,8047440,-2,-4,-0.4,0x9637,0
24.853525,8047438,8047440,-2,-5,-0.5,0x9637,0
24.903615,8047442,8047440,2,-4,-0.4,0x9637,0
24.953746,8047440,8047440,0,-4,-0.4,0x9637,0
25.003847,8047444,8047440,4,-5,-0.5,0x9637,0
25.053944,8047440,8047440,0,-4,-0.4,0x9637,0
25.104081,8047440,8047440,0,-4,-0.4,0x9637,0
25.154211,8047438,8047440,-2,-5,-0.5,0x9637,0
25.204311,8047440,8047440,0,-4,-0.4,0x9637,0
25.254407,8047438,8047440,-2,-4,-0.4,0x9637,0
25.304499,8047436,8047440,-4,-4,-0.4,0x9637,0
25.354624,8047438,8047440,-2,-5,-0.5,0x9637,0
25.404730,8047444,8047440,4,-5,-0.5,0x9637,0
25.454827,8047436,8047440,-4,-4,-0.4,0x9637,0
25.504922,8047438,8047440,-2,-4,-0.4,0x9637,0
25.555048,8047438,8047440,-2,-5,-0.5,0x9637,0
25.605146,8047442,8047440,2,-5,-0.5,0x9637,0
25.655248,8047438,8047440,-2,-4,-0.4,0x9637,0
25.705373,8047436,8047440,-4,-4,-0.4,0x9637,0
25.755507,8047438,8047440,-2,-5,-0.5,0x9637,0
25.805611,8047440,8047440,0,-4,-0.4,0x9637,0
25.855711,8047442,8047440,2,-4,-0.4,0x9637,0
25.905808,8047442,8047440,2,-5,-0.5,0x9637,0
25.955925,8047440,8047440,0,-4,-0.4,0x9637,0
26.006033,8047442,8047440,2,-5,-0.5,0x9637,0
26.056129,8047442,8047440,2,-4,-0.4,0x9637,0
26.106254,8047444,8047440,4,-5,-0.5,0x9637,0
26.156380,8047438,8047440,-2,-4,-0.4,0x9637,0
26.206483,8047440,8047440,0,-4,-0.4,0x9637,0
26.256588,8047438,8047440,-2,-4,-0.4,0x9637,0
26.306683,8047440,8047440,0,-4,-0.4,0x9637,0
26.356812,8047442,8047440,2,-4,-0.4,0x9637,0
26.406916,8047438,8047440,-2,-5,-0.5,0x9637,0
26.457014,8047438,8047440,-2,-4,-0.4,0x9637,0
26.507106,8047442,8047440,2,-4,-0.4,0x9637,0
26.557229,8047438,8047440,-2,-4,-0.4,0x9637,0
26.607334,8047438,8047440,-2,-4,-0.4,0x9637,0
26.657431,8047440,8047440,0,-4,-0.4,0x9637,0
26.707523,8047440,8047440,0,-4,-0.4,0x9637,0
26.757677,8047436,8047440,-4,-5,-0.5,0x9637,0
26.807782,8047444,8047440,4,-5,-0.5,0x9637,0
26.857917,8047442,8047440,2,-4,-0.4,0x9637,0
26.908016,8047442,8047440,2,-5,-0.5,0x9637,0
26.958144,8047442,8047440,2,-5,-0.5,0x9637,0
27.008250,8047442,8047440,2,-4,-0.4,0x9637,0
27.058351,8047436,8047440,-4,-4,-0.4,0x9637,0
27.108532,8047440,8047440,0,-4,-0.4,0x9637,0
27.158645,8047440,8047440,0,-4,-0.4,0x9637,0
27.208746,8047442,8047440,2,-4,-0.4,0x9637,0
27.258837,8047436,8047440,-4,-4,-0.4,0x9637,0
27.308930,8047438,8047440,-2,-5,-0.5,0x9637,0
27.359061,8047442,8047440,2,-4,-0.4,0x9637,0
27.409164,8047438,8047440,-2,-4,-0.4,0x9637,0
27.459264,8047440,8047440,0,-4,-0.4,0x9637,0
27.509360,8047440,8047440,0,-4,-0.4,0x9637,0
27.559489,8047436,8047440,-4,-4,-0.4,0x9637,0
27.609588,8047440,8047440,0,-4,-0.4,0x9637,0
27.659679,8047440,8047440,0,-4,-0.4,0x9637,0
27.709772,8047438,8047440,-2,-4,-0.4,0x9637,0
27.759925,8047438,8047440,-2,-4,-0.4,0x9637,0
27.810036,8047440,8047440,0,-4,-0.4,0x9637,0
27.860126,8047438,8047440,-2,-4,-0.4,0x9637,0
27.910217,8047440,8047440,0,-4,-0.4,0x9637,0
27.960343,8047438,8047440,-2,-5,-0.5,0x9637,0
28.010436,8047442,8047440,2,-4,-0.4,0x9637,0
28.060539,8047436,8047440,-4,-4,-0.4,0x9637,0
28.110685,8047432,8047440,-8,-5,-0.5,0x9637,0
28.160808,8047440,8047440,0,-4,-0.4,0x9637,0
28.210904,8047440,8047440,0,-4,-0.4,0x9637,0
28.260993,8047438,8047440,-2,-4,-0.4,0x9637,0
28.311085,8047440,8047440,0,-5,-0.5,0x9637,0
28.361203,8047440,8047440,0,-4,-0.4,0x9637,0
28.411303,8047438,8047440,-2,-4,-0.4,0x9637,0
28.461396,8047442,8047440,2,-4,-0.4,0x9637,0
28.511488,8047438,8047440,-2,-5,-0.5,0x9637,0
28.561607,8047440,8047440,0,-4,-0.4,0x9637,0
28.611703,8047440,8047440,0,-4,-0.4,0x9637,0
28.661796,8047442,8047440,2,-4,-0.4,0x9637,0
28.711890,8047438,8047440,-2,-4,-0.4,0x9637,0
28.762019,8047438,8047440,-2,-4,-0.4,0x9637,0
28.812115,8047438,8047440,-2,-4,-0.4,0x9637,0
28.862203,8047438,8047440,-2,-4,-0.4,0x9637,0
28.912297,8047440,8047440,0,-4,-0.4,0x9637,0
28.962422,8047438,8047440,-2,-4,-0.4,0x9637,0
29.012519,8047438,8047440,-2,-4,-0.4,0x9637,0
29.062609,8047440,8047440,0,-4,-0.4,0x9637,0
29.112745,8047442,8047440,2,-4,-0.4,0x9637,0
29.162872,8047440,8047440,0,-4,-0.4,0x9637,0
29.212970,8047438,8047440,-2,-4,-0.4,0x9637,0
29.263067,8047444,8047440,4,-4,-0.4,0x9637,0
29.313167,8047438,8047440,-2,-4,-0.4,0x9637,0
29.363296,8047438,8047440,-2,-4,-0.4,0x9637,0
29.413398,8047438,8047440,-2,-4,-0.4,0x9637,0
29.463491,8047438,8047440,-2,-4,-0.4,0x9637,0
29.513582,8047438,8047440,-2,-4,-0.4,0x9637,0
29.563709,8047438,8047440,-2,-4,-0.4,0x9637,0
29.613809,8047442,8047440,2,-5,-0.5,0x9637,0
29.663900,8047438,8047440,-2,-4,-0.4,0x9637,0
29.713993,8047438,8047440,-2,-4,-0.4,0x9637,0
29.764125,8047440,8047440,0,-4,-0.4,0x9637,0
29.814225,8047436,8047440,-4,-4,-0.4,0x9637,0
29.864325,8047442,8047440,2,-4,-0.4,0x9637,0
29.914431,8047442,8047440,2,-4,-0.4,0x9637,0
29.964558,8047438,8047440,-2,-5,-0.5,0x9637,0
30.014656,8047440,8047440,0,-5,-0.5,0x9637,0
30.064747,8047436,8047440,-4,-4,-0.4,0x9637,0
30.114887,8047444,8047440,4,-4,-0.4,0x9637,0
30.165015,8047438,8047440,-2,-4,-0.4,0x9637,0
30.215112,8047440,8047440,0,-3,-0.3,0x9637,0
30.265201,8047442,8047440,2,-4,-0.4,0x9637,0
30.315293,8047442,8047440,2,-4,-0.4,0x9637,0
30.365418,8047442,8047440,2,-4,-0.4,0x9637,0
30.415520,8047438,8047440,-2,-4,-0.4,0x9637,0
30.465619,8047438,8047440,-2,-4,-0.4,0x9637,0
30.515718,8047442,8047440,2,-4,-0.4,0x9637,0
30.565884,8047438,8047440,-2,-4,-0.4,0x9637,0
30.615983,8047440,8047440,0,-5,-0.5,0x9637,0
30.666073,8047438,8047440,-2,-4,-0.4,0x9637,0
30.716166,8047438,8047440,-2,-4,-0.4,0x9637,0
30.766295,8047440,8047440,0,-5,-0.5,0x9637,0
30.816396,8047442,8047440,2,-4,-0.4,0x9637,0
30.866502,8047440,8047440,0,-4,-0.4,0x9637,0
30.916607,8047442,8047440,2,-4,-0.4,0x9637,0
30.966763,8047440,8047440,0,-4,-0.4,0x9637,0
31.016862,8047440,8047440,0,-4,-0.4,0x9637,0
31.066959,8047440,8047440,0,-4,-0.4,0x9637,0
31.117141,8047444,8047440,4,-4,-0.4,0x9637,0
31.167271,8047440,8047440,0,-4,-0.4,0x9637,0
31.217370,8047438,8047440,-2,-4,-0.4,0x9637,0
31.267461,8047440,8047440,0,-4,-0.4,0x9637,0
31.317555,8047442,8047440,2,-4,-0.4,0x9637,0
31.367683,8047442,8047440,2,-4,-0.4,0x9637,0
31.417789,8047438,8047440,-2,-4,-0.4,0x9637,0
31.467883,8047438,8047440,-2,-4,-0.4,0x9637,0
31.517975,8047440,8047440,0,-4,-0.4,0x9637,0
31.568107,8047438,8047440,-2,-4,-0.4,0x9637,0
31.618209,8047442,8047440,2,-4,-0.4,0x9637,0
31.668312,8047438,8047440,-2,-4,-0.4,0x9637,0
31.718413,8047442,8047440,2,-5,-0.5,0x9637,0
31.768547,8047440,8047440,0,-4,-0.4,0x9637,0
31.818651,8047438,8047440,-2,-4,-0.4,0x9637,0
31.868748,8047442,8047440,2,-4,-0.4,0x9637,0
31.918845,8047442,8047440,2,-4,-0.4,0x9637,0
31.968953,8047442,8047440,2,-4,-0.4,0x9637,0
32.019060,8047440,8047440,0,-4,-0.4,0x9637,0
32.069156,8047440,8047440,0,-4,-0.4,0x9637,0
32.119339,8047442,8047440,2,-4,-0.4,0x9637,0
32.169446,8047438,8047440,-2,-4,-0.4,0x9637,0
32.219546,8047440,8047440,0,-4,-0.4,0x9637,0
32.269665,8047438,8047440,-2,-4,-0.4,0x9637,0
32.319764,8047438,8047440,-2,-5,-0.5,0x9637,0
32.369892,8047440,8047440,0,-4,-0.4,0x9637,0
32.419997,8047440,8047440,0,-4,-0.4,0x9637,0
32.470090,8047440,8047440,0,-4,-0.4,0x9637,0
32.520182,8047442,8047440,2,-5,-0.5,0x9637,0
32.570309,8047438,8047440,-2,-4,-0.4,0x9637,0
32.620406,8047440,8047440,0,-4,-0.4,0x9637,0
32.670496,8047440,8047440,0,-4,-0.4,0x9637,0
32.720590,8047438,8047440,-2,-4,-0.4,0x9637,0
32.770721,8047440,8047440,0,-4,-0.4,0x9637,0
32.820822,8047438,8047440,-2,-4,-0.4,0x9637,0
32.870920,8047438,8047440,-2,-4,-0.4,0x9637,0
32.921015,8047442,8047440,2,-4,-0.4,0x9637,0
32.971153,8047440,8047440,0,-4,-0.4,0x9637,0
33.021258,8047442,8047440,2,-4,-0.4,0x9637,0
33.071348,8047438,8047440,-2,-4,-0.4,0x9637,0
33.121507,8047438,8047440,-2,-4,-0.4,0x9637,0
33.171614,8047442,8047440,2,-4,-0.4,0x9637,0
33.221724,8047438,8047440,-2,-4,-0.4,0x9637,0
